{
    "distance_to_goal": 9.495384383171796,
    "success": 0.022,
    "spl": 0.02039229548726737,
    "ndtw": 0.3000736688566657,
    "path_length": 3.519012387772112,
    "oracle_success": 0.036,
    "steps_taken": 50.042
}